id,screen_name
1,jbramall0
2,celdered1
3,scheesman2
4,ahallin3
5,jtoma4
6,loscanlon5
7,acowan6
8,agoodwin7
9,rradley8
10,omaden9
11,msurmanwellsa
12,cgomersalb
13,klabrumc
14,jlingnerd
15,tdoolande
16,lbaudassif
17,gdrinkaleg
18,ctarneyh
19,hpalethorpei
20,arieplj
21,sgoingk
22,wminchindonl
23,smcbaym
24,dmccluinn
25,mparkissono
26,dnovakp
27,spallinq
28,sverneyr
29,sseilers
30,blymbournet
31,oflaggu
32,bpetriev
33,lanelayw
34,kcotex
35,jkilliky
36,aalevequez
37,awhetton10
38,cdorracott11
39,pcregin12
40,llinner13
41,kpalley14
42,cbeiderbeck15
43,tkingswood16
44,kdemcik17
45,vcolcutt18
46,eteacy19
47,aiacobini1a
48,ffashion1b
49,ldenisot1c
50,ljoicey1d
